Title,Article,Topic
Beyond the Brackets: Why Men’s March Madness Still Matters (and How to Enjoy It),"Okay, let’s be real. March Madness isn’t just a basketball tournament; it’s a cultural phenomenon. It’s the water cooler talk, the frantic bracket filling, the sheer, unpredictable joy (and heartbreak) of watching underdogs potentially topple giants. But why does this three-week stretch of games grip the nation every year? And how can you actually enjoy it, even if you barely know a jump shot from a free throw? Let’s dive in.

<h2>The Allure of the Upsets: Why We Love to See History Made</h2>

There’s something deeply satisfying about watching a 16-seed take down a 1-seed. It’s David versus Goliath, played out on the hardwood. Remember UMBC stunning Virginia in 2018? That wasn’t just a game; it was a moment. A reminder that anything can happen. It’s the ultimate underdog story, and honestly, who doesn’t root for the underdog? 

It’s easy to get caught up in the blue bloods – the Duke’s, Kentucky’s, and North Carolina’s of the world – but the real magic happens when a smaller school makes a run. It’s a testament to hard work, coaching, and a little bit of luck.

<h3>The Anatomy of an Upset</h3>
<ul>
  <li><b>Hot Shooting:</b> A team getting unusually lucky with their shots.</li>
  <li><b>Opponent’s Off Night:</b> Even the best teams have bad games.</li>
  <li><b>Coaching Advantage:</b> A smaller school coach with a brilliant game plan.</li>
</ul>

<h2>Brackets: More Than Just a Gambling Tool?</h2>

Let's address the elephant in the room. For many, March Madness is synonymous with bracket pools. Office pools, family competitions, friendly wagers… it’s a national pastime. But even if you’re not betting a dime, filling out a bracket is fun. It forces you to learn about teams you might otherwise ignore and makes you invested in games you wouldn’t normally watch. 

But here’s a secret: statistically, your bracket has a ridiculously low chance of being perfect. Seriously. Embrace the chaos! Don’t overthink it. Pick a few upsets, go with your gut, and enjoy the ride.

<h3>Tips for a (Slightly) Smarter Bracket</h3>
<ol>
  <li><b>Don’t pick all the favorites.</b> Seriously.</li>
  <li><b>Pay attention to coaching.</b> Experienced coaches matter in tournament play.</li>
  <li><b>Look at defensive stats.</b> Good defense travels well.</li>
</ol>

<h2>Beyond the Scores: The Economic Impact of March Madness</h2>

It’s not just about bragging rights. March Madness is a huge economic driver. Billions of dollars are wagered, spent on travel, merchandise, and, let’s be honest, a lot of pizza. For the host cities, it’s a massive boost to tourism and local businesses. 

But the impact goes beyond the immediate financial gains. The exposure that smaller schools get during the tournament can lead to increased enrollment, donations, and overall prestige. It’s a platform that can change a program’s trajectory for years to come.

<h2>The Rise of the Player: NIL and the Modern Tournament</h2>

Things have changed dramatically in college sports, and March Madness is no exception. The introduction of Name, Image, and Likeness (NIL) deals has given players more control over their earning potential. What does this mean for the tournament? It adds another layer of complexity. Players are now navigating endorsements, sponsorships, and the pressure of performing on a national stage while also maximizing their financial opportunities. 

It’s a brave new world, and it’s fascinating to watch how it unfolds. Will NIL create a more level playing field, or will it further concentrate power among the elite programs? Only time will tell.

<h3>Understanding NIL in a Nutshell</h3>
<ul>
  <li>Players can now profit from their name, image, and likeness.</li>
  <li>Deals can range from endorsements to social media promotions.</li>
  <li>It’s a significant shift in the landscape of college athletics.</li>
</ul>

<h2>The Future of March Madness: Streaming, Expansion, and Beyond</h2>

The tournament isn’t immune to change. Streaming services are becoming increasingly important, and the NCAA is constantly exploring ways to expand the tournament and reach new audiences. The recent expansion to 68 teams was a major shift, and further changes are likely on the horizon. 

Will we see even more teams added in the future? Will the tournament eventually be dominated by super-conferences? It’s hard to say, but one thing is certain: March Madness will continue to evolve.

<h2>How to Actually Enjoy the Games (Even if You're a Newbie)</h2>

Don’t feel intimidated if you don’t know all the terminology or the history of every team. Just pick a game, watch a little bit, and see what happens. Focus on the energy, the excitement, and the drama. 

<ol>
  <li><b>Find a team to root for.</b> Doesn’t matter who, just pick one!</li>
  <li><b>Watch with friends.</b> It’s more fun that way.</li>
  <li><b>Don’t take it too seriously.</b> It’s just a game, after all.</li>
</ol>

<h2>So, Why Does It Matter?</h2>

March Madness is more than just basketball. It’s a celebration of athleticism, teamwork, and the unpredictable nature of life. It’s a reminder that anything is possible, and that sometimes, the greatest stories are the ones we least expect. It’s a shared experience that brings people together, and that’s something worth cherishing. So, fill out your bracket, grab some snacks, and enjoy the madness. You might just be surprised by what happens.",men’s march madness
Vlad Guerrero: Beyond the Stats – A Baseball Legend You Need to Know,"Let’s talk about Vlad Guerrero. Not just the numbers, though those are impressive, but the feeling he gave you watching him play. He wasn’t a robot, meticulously calculating angles. He was pure, raw baseball instinct. For a generation of fans, especially those of us who grew up in the late 90s and early 2000s, he was captivating. But even if you didn’t catch him live, understanding his impact is crucial to appreciating the evolution of the game.

<h2>The Early Years: From Nicaragua to the Big Leagues</h2>

Guerrero’s story isn’t one of a typical American baseball prodigy. He hails from Nizagua, Nicaragua, a place where baseball isn’t just a sport, it’s a lifeline. Imagine growing up with limited resources, but an abundance of passion for the game. That’s Vlad’s foundation. 

<h3>A Family Affair</h3>

Baseball is in the Guerrero blood. His father, Vladimir Sr., was also a professional player, and the influence was massive. You could see it in Vlad Jr.’s swing even before he reached the majors – a clear echo of his dad’s legendary style. It’s a beautiful thing to witness, isn’t it? A legacy passed down through generations.

He signed with the Montreal Expos in 1990, and while it took a few years to truly blossom, the potential was always there. He wasn’t polished, but he was electric.

<h2>The Montreal Years: A Star is Born</h2>

Montreal… a city with a dedicated, but often overlooked, baseball fanbase. Guerrero gave them something to cheer about. He quickly became the face of the franchise, a beacon of hope in a city that often felt forgotten by the baseball world. 

<h3>The All-Star Rise</h3>

From 1998 to 2003, Guerrero was consistently an All-Star. He wasn’t just making the team; he was dominating. He hit for average, he hit for power, and he ran the bases with a fearless abandon. Remember those throws from the outfield? Absolute lasers. 

He won the National League MVP in 2004, a season where he batted .337 with 32 home runs and 105 RBIs. It was a testament to his all-around game, a reward for years of consistent excellence.

<h2>California Dreaming: Angels and Beyond</h2>

In 2004, Guerrero moved to the Anaheim Angels (now Los Angeles Angels). This is where he arguably reached his peak, adding another dimension to his already impressive skillset.

<h3>The 2004 Postseason Run</h3>

That year wasn’t just about the regular season. Guerrero led the Angels on a remarkable postseason run, showcasing his clutch hitting and infectious energy. While they ultimately fell short of a World Series title, the memories of that October remain vivid for Angels fans.

He continued to perform at a high level for several years in Anaheim, becoming a fan favorite and solidifying his status as one of the game’s premier players. He later had stints with the Texas Rangers and Baltimore Orioles, but those years didn’t quite capture the magic of his time in Montreal and Anaheim.

<h2>What Made Vlad… Vlad? The Intangibles</h2>

Okay, let’s get real. Stats tell a story, but they don’t tell the whole story. What truly set Guerrero apart? It was his unorthodox approach, his willingness to swing at anything, and his uncanny ability to make contact. 

<h3>The “Vlad Way”</h3>

He didn’t conform to conventional baseball wisdom. He swung at pitches that most hitters wouldn’t even dream of touching, and he often fouled them off, wearing down pitchers and frustrating opposing managers. It was a beautiful chaos, a testament to his incredible hand-eye coordination and sheer determination.

He wasn’t a power hitter in the traditional sense. He didn’t try to crush the ball; he just tried to hit it hard. And more often than not, he succeeded.

<h2>The Hall of Fame and Lasting Legacy</h2>

After 16 seasons, Guerrero retired in 2011. The question then became: Hall of Fame? It wasn’t a slam dunk. Some voters penalized him for his unconventional style and perceived lack of discipline. But in 2018, he was finally inducted into Cooperstown, a well-deserved honor for a truly unique player.

<h3>A New Generation Appreciates the Legend</h3>

And now, with his son, Vlad Jr., carrying on the family name and becoming a superstar in his own right, a new generation is discovering the brilliance of Vladimir Guerrero. It’s a full-circle moment, a reminder that baseball is a game of fathers and sons, of legacies and traditions. 

So, the next time you’re talking baseball, don’t just mention the home runs and RBIs. Talk about the feel of watching Vlad Guerrero play. Talk about the joy, the excitement, and the sheer unpredictability of it all. Because that’s what truly made him a legend.",vladimir guerrero
